Subject,Start Date,Start Time,End Date,End Time,Description,Location
School Drop Off,08/06/2026,08:15 AM,08/06/2026,,Status: Open,
School Pick Up,08/06/2026,01:15 PM,08/06/2026,,Status: Open,
School Drop Off,08/07/2026,08:15 AM,08/07/2026,,Status: Open,
School Pick Up,08/07/2026,01:21 PM,08/07/2026,,Status: Open,
School Drop Off,08/10/2026,08:15 AM,08/10/2026,,Status: Open,
School Pick Up,08/10/2026,01:21 PM,08/10/2026,,Status: Open,
School Drop Off,08/11/2026,08:15 AM,08/11/2026,,Status: Open,
School Pick Up,08/11/2026,01:21 PM,08/11/2026,,Status: Open,
School Drop Off,08/12/2026,08:15 AM,08/12/2026,,Status: Open,
School Pick Up,08/12/2026,01:21 PM,08/12/2026,,Status: Open,
School Drop Off,08/13/2026,08:15 AM,08/13/2026,,Status: Open,
School Pick Up,08/13/2026,01:15 PM,08/13/2026,,Status: Open,
School Drop Off,08/14/2026,08:15 AM,08/14/2026,,Status: Open,
School Pick Up,08/14/2026,01:21 PM,08/14/2026,,Status: Open,
School Drop Off,08/17/2026,08:15 AM,08/17/2026,,Status: Open,
School Pick Up,08/17/2026,01:21 PM,08/17/2026,,Status: Open,
School Drop Off,08/18/2026,08:15 AM,08/18/2026,,Status: Open,
School Pick Up,08/18/2026,01:21 PM,08/18/2026,,Status: Open,
School Drop Off,08/19/2026,08:15 AM,08/19/2026,,Status: Open,
School Pick Up,08/19/2026,01:21 PM,08/19/2026,,Status: Open,
School Drop Off,08/20/2026,08:15 AM,08/20/2026,,Status: Open,
School Pick Up,08/20/2026,01:15 PM,08/20/2026,,Status: Open,
School Drop Off,08/21/2026,08:15 AM,08/21/2026,,Status: Open,
School Pick Up,08/21/2026,01:21 PM,08/21/2026,,Status: Open,
School Drop Off,08/24/2026,08:15 AM,08/24/2026,,Status: Open,
School Pick Up,08/24/2026,02:45 PM,08/24/2026,,Status: Open,
School Drop Off,08/25/2026,08:15 AM,08/25/2026,,Status: Open,
School Pick Up,08/25/2026,02:45 PM,08/25/2026,,Status: Open,
School Drop Off,08/26/2026,08:15 AM,08/26/2026,,Status: Open,
School Pick Up,08/26/2026,02:45 PM,08/26/2026,,Status: Open,
School Drop Off,08/27/2026,08:15 AM,08/27/2026,,Status: Open,
School Pick Up,08/27/2026,01:15 PM,08/27/2026,,Status: Open,
School Drop Off,08/28/2026,08:15 AM,08/28/2026,,Status: Open,
School Pick Up,08/28/2026,02:45 PM,08/28/2026,,Status: Open,
School Drop Off,08/31/2026,08:15 AM,08/31/2026,,Status: Open,
School Pick Up,08/31/2026,02:45 PM,08/31/2026,,Status: Open,
School Drop Off,09/01/2026,08:15 AM,09/01/2026,,Status: Open,
School Pick Up,09/01/2026,02:45 PM,09/01/2026,,Status: Open,
School Drop Off,09/02/2026,08:15 AM,09/02/2026,,Status: Open,
School Pick Up,09/02/2026,02:45 PM,09/02/2026,,Status: Open,
School Drop Off,09/03/2026,08:15 AM,09/03/2026,,Status: Open,
School Pick Up,09/03/2026,01:15 PM,09/03/2026,,Status: Open,
School Drop Off,09/04/2026,08:15 AM,09/04/2026,,Status: Open,
School Pick Up,09/04/2026,02:45 PM,09/04/2026,,Status: Open,
Labor Day,09/07/2026,,09/07/2026,,School Holiday / No Students,
School Drop Off,09/08/2026,08:15 AM,09/08/2026,,Status: Open,
School Pick Up,09/08/2026,02:45 PM,09/08/2026,,Status: Open,
School Drop Off,09/09/2026,08:15 AM,09/09/2026,,Status: Open,
School Pick Up,09/09/2026,02:45 PM,09/09/2026,,Status: Open,
School Drop Off,09/10/2026,08:15 AM,09/10/2026,,Status: Open,
School Pick Up,09/10/2026,01:15 PM,09/10/2026,,Status: Open,
School Drop Off,09/11/2026,08:15 AM,09/11/2026,,Status: Open,
School Pick Up,09/11/2026,02:45 PM,09/11/2026,,Status: Open,
School Drop Off,09/14/2026,08:15 AM,09/14/2026,,Status: Open,
School Pick Up,09/14/2026,02:45 PM,09/14/2026,,Status: Open,
School Drop Off,09/15/2026,08:15 AM,09/15/2026,,Status: Open,
School Pick Up,09/15/2026,02:45 PM,09/15/2026,,Status: Open,
School Drop Off,09/16/2026,08:15 AM,09/16/2026,,Status: Open,
School Pick Up,09/16/2026,02:45 PM,09/16/2026,,Status: Open,
School Drop Off,09/17/2026,08:15 AM,09/17/2026,,Status: Open,
School Pick Up,09/17/2026,01:15 PM,09/17/2026,,Status: Open,
School Drop Off,09/18/2026,08:15 AM,09/18/2026,,Status: Open,
School Pick Up,09/18/2026,02:45 PM,09/18/2026,,Status: Open,
School Drop Off,09/21/2026,08:15 AM,09/21/2026,,Status: Open,
School Pick Up,09/21/2026,02:45 PM,09/21/2026,,Status: Open,
School Drop Off,09/22/2026,08:15 AM,09/22/2026,,Status: Open,
School Pick Up,09/22/2026,02:45 PM,09/22/2026,,Status: Open,
School Drop Off,09/23/2026,08:15 AM,09/23/2026,,Status: Open,
School Pick Up,09/23/2026,02:45 PM,09/23/2026,,Status: Open,
School Drop Off,09/24/2026,08:15 AM,09/24/2026,,Status: Open,
School Pick Up,09/24/2026,01:15 PM,09/24/2026,,Status: Open,
School Drop Off,09/25/2026,08:15 AM,09/25/2026,,Status: Open,
School Pick Up,09/25/2026,02:45 PM,09/25/2026,,Status: Open,
School Drop Off,09/28/2026,08:15 AM,09/28/2026,,Status: Open,
School Pick Up,09/28/2026,02:45 PM,09/28/2026,,Status: Open,
School Drop Off,09/29/2026,08:15 AM,09/29/2026,,Status: Open,
School Pick Up,09/29/2026,02:45 PM,09/29/2026,,Status: Open,
School Drop Off,09/30/2026,08:15 AM,09/30/2026,,Status: Open,
School Pick Up,09/30/2026,02:45 PM,09/30/2026,,Status: Open,
School Drop Off,10/01/2026,08:15 AM,10/01/2026,,Status: Open,
School Pick Up,10/01/2026,01:15 PM,10/01/2026,,Status: Open,
School Drop Off,10/02/2026,08:15 AM,10/02/2026,,Status: Open,
School Pick Up,10/02/2026,02:45 PM,10/02/2026,,Status: Open,
School Drop Off,10/05/2026,08:15 AM,10/05/2026,,Status: Open,
School Pick Up,10/05/2026,02:45 PM,10/05/2026,,Status: Open,
School Drop Off,10/06/2026,08:15 AM,10/06/2026,,Status: Open,
School Pick Up,10/06/2026,02:45 PM,10/06/2026,,Status: Open,
School Drop Off,10/07/2026,08:15 AM,10/07/2026,,Status: Open,
School Pick Up,10/07/2026,02:45 PM,10/07/2026,,Status: Open,
School Drop Off,10/08/2026,08:15 AM,10/08/2026,,Status: Open,
School Pick Up,10/08/2026,01:15 PM,10/08/2026,,Status: Open,
School Drop Off,10/09/2026,08:15 AM,10/09/2026,,Status: Open,
School Pick Up,10/09/2026,02:45 PM,10/09/2026,,Status: Open,
Development Day | No Students,10/12/2026,,10/12/2026,,School Holiday / No Students,
School Drop Off,10/13/2026,08:15 AM,10/13/2026,,Status: Open,
School Pick Up,10/13/2026,02:45 PM,10/13/2026,,Status: Open,
School Drop Off,10/14/2026,08:15 AM,10/14/2026,,Status: Open,
School Pick Up,10/14/2026,02:45 PM,10/14/2026,,Status: Open,
School Drop Off,10/15/2026,08:15 AM,10/15/2026,,Status: Open,
School Pick Up,10/15/2026,01:15 PM,10/15/2026,,Status: Open,
School Drop Off,10/16/2026,08:15 AM,10/16/2026,,Status: Open,
School Pick Up,10/16/2026,02:45 PM,10/16/2026,,Status: Open,
School Drop Off,10/19/2026,08:15 AM,10/19/2026,,Status: Open,
School Pick Up,10/19/2026,01:21 PM,10/19/2026,,Status: Open,
School Drop Off,10/20/2026,08:15 AM,10/20/2026,,Status: Open,
School Pick Up,10/20/2026,01:21 PM,10/20/2026,,Status: Open,
School Drop Off,10/21/2026,08:15 AM,10/21/2026,,Status: Open,
School Pick Up,10/21/2026,01:21 PM,10/21/2026,,Status: Open,
School Drop Off,10/22/2026,08:15 AM,10/22/2026,,Status: Open,
School Pick Up,10/22/2026,01:15 PM,10/22/2026,,Status: Open,
School Drop Off,10/23/2026,08:15 AM,10/23/2026,,Status: Open,
School Pick Up,10/23/2026,01:21 PM,10/23/2026,,Status: Open,
School Drop Off,10/26/2026,08:15 AM,10/26/2026,,Status: Open,
School Pick Up,10/26/2026,02:45 PM,10/26/2026,,Status: Open,
School Drop Off,10/27/2026,08:15 AM,10/27/2026,,Status: Open,
School Pick Up,10/27/2026,02:45 PM,10/27/2026,,Status: Open,
School Drop Off,10/28/2026,08:15 AM,10/28/2026,,Status: Open,
School Pick Up,10/28/2026,02:45 PM,10/28/2026,,Status: Open,
School Drop Off,10/29/2026,08:15 AM,10/29/2026,,Status: Open,
School Pick Up,10/29/2026,01:15 PM,10/29/2026,,Status: Open,
School Drop Off,10/30/2026,08:15 AM,10/30/2026,,Status: Open,
School Pick Up,10/30/2026,11:38 AM,10/30/2026,,Status: Open,
School Drop Off,11/02/2026,08:15 AM,11/02/2026,,Status: Open,
School Pick Up,11/02/2026,01:21 PM,11/02/2026,,Status: Open,
School Drop Off,11/03/2026,08:15 AM,11/03/2026,,Status: Open,
School Pick Up,11/03/2026,01:21 PM,11/03/2026,,Status: Open,
School Drop Off,11/04/2026,08:15 AM,11/04/2026,,Status: Open,
School Pick Up,11/04/2026,01:21 PM,11/04/2026,,Status: Open,
School Drop Off,11/05/2026,08:15 AM,11/05/2026,,Status: Open,
School Pick Up,11/05/2026,01:15 PM,11/05/2026,,Status: Open,
School Drop Off,11/06/2026,08:15 AM,11/06/2026,,Status: Open,
School Pick Up,11/06/2026,01:21 PM,11/06/2026,,Status: Open,
School Drop Off,11/09/2026,08:15 AM,11/09/2026,,Status: Open,
School Pick Up,11/09/2026,02:45 PM,11/09/2026,,Status: Open,
School Drop Off,11/10/2026,08:15 AM,11/10/2026,,Status: Open,
School Pick Up,11/10/2026,02:45 PM,11/10/2026,,Status: Open,
Veteran's Day,11/11/2026,,11/11/2026,,School Holiday / No Students,
School Drop Off,11/12/2026,08:15 AM,11/12/2026,,Status: Open,
School Pick Up,11/12/2026,01:15 PM,11/12/2026,,Status: Open,
School Drop Off,11/13/2026,08:15 AM,11/13/2026,,Status: Open,
School Pick Up,11/13/2026,02:45 PM,11/13/2026,,Status: Open,
School Drop Off,11/16/2026,08:15 AM,11/16/2026,,Status: Open,
School Pick Up,11/16/2026,01:21 PM,11/16/2026,,Status: Open,
School Drop Off,11/17/2026,08:15 AM,11/17/2026,,Status: Open,
School Pick Up,11/17/2026,01:21 PM,11/17/2026,,Status: Open,
School Drop Off,11/18/2026,08:15 AM,11/18/2026,,Status: Open,
School Pick Up,11/18/2026,01:21 PM,11/18/2026,,Status: Open,
School Drop Off,11/19/2026,08:15 AM,11/19/2026,,Status: Open,
School Pick Up,11/19/2026,01:15 PM,11/19/2026,,Status: Open,
School Drop Off,11/20/2026,08:15 AM,11/20/2026,,Status: Open,
School Pick Up,11/20/2026,01:21 PM,11/20/2026,,Status: Open,
School Drop Off,11/30/2026,08:15 AM,11/30/2026,,Status: Open,
School Pick Up,11/30/2026,02:45 PM,11/30/2026,,Status: Open,
School Drop Off,12/01/2026,08:15 AM,12/01/2026,,Status: Open,
School Pick Up,12/01/2026,02:45 PM,12/01/2026,,Status: Open,
School Drop Off,12/02/2026,08:15 AM,12/02/2026,,Status: Open,
School Pick Up,12/02/2026,02:45 PM,12/02/2026,,Status: Open,
School Drop Off,12/03/2026,08:15 AM,12/03/2026,,Status: Open,
School Pick Up,12/03/2026,01:15 PM,12/03/2026,,Status: Open,
School Drop Off,12/04/2026,08:15 AM,12/04/2026,,Status: Open,
School Pick Up,12/04/2026,02:45 PM,12/04/2026,,Status: Open,
School Drop Off,12/07/2026,08:15 AM,12/07/2026,,Status: Open,
School Pick Up,12/07/2026,02:45 PM,12/07/2026,,Status: Open,
School Drop Off,12/08/2026,08:15 AM,12/08/2026,,Status: Open,
School Pick Up,12/08/2026,02:45 PM,12/08/2026,,Status: Open,
School Drop Off,12/09/2026,08:15 AM,12/09/2026,,Status: Open,
School Pick Up,12/09/2026,02:45 PM,12/09/2026,,Status: Open,
School Drop Off,12/10/2026,08:15 AM,12/10/2026,,Status: Open,
School Pick Up,12/10/2026,01:15 PM,12/10/2026,,Status: Open,
School Drop Off,12/11/2026,08:15 AM,12/11/2026,,Status: Open,
School Pick Up,12/11/2026,02:45 PM,12/11/2026,,Status: Open,
School Drop Off,12/14/2026,08:15 AM,12/14/2026,,Status: Open,
School Pick Up,12/14/2026,02:45 PM,12/14/2026,,Status: Open,
School Drop Off,12/15/2026,08:15 AM,12/15/2026,,Status: Open,
School Pick Up,12/15/2026,02:45 PM,12/15/2026,,Status: Open,
School Drop Off,12/16/2026,08:15 AM,12/16/2026,,Status: Open,
School Pick Up,12/16/2026,02:45 PM,12/16/2026,,Status: Open,
School Drop Off,12/17/2026,08:15 AM,12/17/2026,,Status: Open,
School Pick Up,12/17/2026,01:15 PM,12/17/2026,,Status: Open,
School Drop Off,12/18/2026,08:15 AM,12/18/2026,,Status: Open,
School Pick Up,12/18/2026,01:21 PM,12/18/2026,,Status: Open,